email,password
alice@example.com,password
bob@example.com,password
carol@example.com,password
david@example.com,password
eve@example.com,password
frank@example.com,password
grace@example.com,password
henry@example.com,password
iris@example.com,password
jack@example.com,password
kate@example.com,password
liam@example.com,password
mia@example.com,password
noah@example.com,password
olivia@example.com,password
peter@example.com,password
quinn@example.com,password
rachel@example.com,password
sam@example.com,password
tara@example.com,password
user001@example.com,password
user002@example.com,password
user003@example.com,password
user004@example.com,password
user005@example.com,password
user006@example.com,password
user007@example.com,password
user008@example.com,password
user009@example.com,password
user010@example.com,password
user011@example.com,password
user012@example.com,password
user013@example.com,password
user014@example.com,password
user015@example.com,password
user016@example.com,password
user017@example.com,password
user018@example.com,password
user019@example.com,password
user020@example.com,password
user021@example.com,password
user022@example.com,password
user023@example.com,password
user024@example.com,password
user025@example.com,password
user026@example.com,password
user027@example.com,password
user028@example.com,password
user029@example.com,password
user030@example.com,password
user031@example.com,password
user032@example.com,password
user033@example.com,password
user034@example.com,password
user035@example.com,password
user036@example.com,password
user037@example.com,password
user038@example.com,password
user039@example.com,password
user040@example.com,password
user041@example.com,password
user042@example.com,password
user043@example.com,password
user044@example.com,password
user045@example.com,password
user046@example.com,password
user047@example.com,password
user048@example.com,password
user049@example.com,password
user050@example.com,password
user051@example.com,password
user052@example.com,password
user053@example.com,password
user054@example.com,password
user055@example.com,password
user056@example.com,password
user057@example.com,password
user058@example.com,password
user059@example.com,password
user060@example.com,password
user061@example.com,password
user062@example.com,password
user063@example.com,password
user064@example.com,password
user065@example.com,password
user066@example.com,password
user067@example.com,password
user068@example.com,password
user069@example.com,password
user070@example.com,password
user071@example.com,password
user072@example.com,password
user073@example.com,password
user074@example.com,password
user075@example.com,password
user076@example.com,password
user077@example.com,password
user078@example.com,password
user079@example.com,password
user080@example.com,password
user081@example.com,password
user082@example.com,password
user083@example.com,password
user084@example.com,password
user085@example.com,password
user086@example.com,password
user087@example.com,password
user088@example.com,password
user089@example.com,password
user090@example.com,password
user091@example.com,password
user092@example.com,password
user093@example.com,password
user094@example.com,password
user095@example.com,password
user096@example.com,password
user097@example.com,password
user098@example.com,password
user099@example.com,password
user100@example.com,password
user101@example.com,password
user102@example.com,password
user103@example.com,password
user104@example.com,password
user105@example.com,password
user106@example.com,password
user107@example.com,password
user108@example.com,password
user109@example.com,password
user110@example.com,password
user111@example.com,password
user112@example.com,password
user113@example.com,password
user114@example.com,password
user115@example.com,password
user116@example.com,password
user117@example.com,password
user118@example.com,password
user119@example.com,password
user120@example.com,password
user121@example.com,password
user122@example.com,password
user123@example.com,password
user124@example.com,password
user125@example.com,password
user126@example.com,password
user127@example.com,password
user128@example.com,password
user129@example.com,password
user130@example.com,password
user131@example.com,password
user132@example.com,password
user133@example.com,password
user134@example.com,password
user135@example.com,password
user136@example.com,password
user137@example.com,password
user138@example.com,password
user139@example.com,password
user140@example.com,password
user141@example.com,password
user142@example.com,password
user143@example.com,password
user144@example.com,password
user145@example.com,password
user146@example.com,password
user147@example.com,password
user148@example.com,password
user149@example.com,password
user150@example.com,password
user151@example.com,password
user152@example.com,password
user153@example.com,password
user154@example.com,password
user155@example.com,password
user156@example.com,password
user157@example.com,password
user158@example.com,password
user159@example.com,password
user160@example.com,password
user161@example.com,password
user162@example.com,password
user163@example.com,password
user164@example.com,password
user165@example.com,password
user166@example.com,password
user167@example.com,password
user168@example.com,password
user169@example.com,password
user170@example.com,password
user171@example.com,password
user172@example.com,password
user173@example.com,password
user174@example.com,password
user175@example.com,password
user176@example.com,password
user177@example.com,password
user178@example.com,password
user179@example.com,password
user180@example.com,password
user181@example.com,password
user182@example.com,password
user183@example.com,password
user184@example.com,password
user185@example.com,password
user186@example.com,password
user187@example.com,password
user188@example.com,password
user189@example.com,password
user190@example.com,password
user191@example.com,password
user192@example.com,password
user193@example.com,password
user194@example.com,password
user195@example.com,password
user196@example.com,password
user197@example.com,password
user198@example.com,password
user199@example.com,password
user200@example.com,password
user201@example.com,password
user202@example.com,password
user203@example.com,password
user204@example.com,password
user205@example.com,password
user206@example.com,password
user207@example.com,password
user208@example.com,password
user209@example.com,password
user210@example.com,password
user211@example.com,password
user212@example.com,password
user213@example.com,password
user214@example.com,password
user215@example.com,password
user216@example.com,password
user217@example.com,password
user218@example.com,password
user219@example.com,password
user220@example.com,password
user221@example.com,password
user222@example.com,password
user223@example.com,password
user224@example.com,password
user225@example.com,password
user226@example.com,password
user227@example.com,password
user228@example.com,password
user229@example.com,password
user230@example.com,password
user231@example.com,password
user232@example.com,password
user233@example.com,password
user234@example.com,password
user235@example.com,password
user236@example.com,password
user237@example.com,password
user238@example.com,password
user239@example.com,password
user240@example.com,password
user241@example.com,password
user242@example.com,password
user243@example.com,password
user244@example.com,password
user245@example.com,password
user246@example.com,password
user247@example.com,password
user248@example.com,password
user249@example.com,password
user250@example.com,password
user251@example.com,password
user252@example.com,password
user253@example.com,password
user254@example.com,password
user255@example.com,password
user256@example.com,password
user257@example.com,password
user258@example.com,password
user259@example.com,password
user260@example.com,password
user261@example.com,password
user262@example.com,password
user263@example.com,password
user264@example.com,password
user265@example.com,password
user266@example.com,password
user267@example.com,password
user268@example.com,password
user269@example.com,password
user270@example.com,password
user271@example.com,password
user272@example.com,password
user273@example.com,password
user274@example.com,password
user275@example.com,password
user276@example.com,password
user277@example.com,password
user278@example.com,password
user279@example.com,password
user280@example.com,password
user281@example.com,password
user282@example.com,password
user283@example.com,password
user284@example.com,password
user285@example.com,password
user286@example.com,password
user287@example.com,password
user288@example.com,password
user289@example.com,password
user290@example.com,password
user291@example.com,password
user292@example.com,password
user293@example.com,password
user294@example.com,password
user295@example.com,password
user296@example.com,password
user297@example.com,password
user298@example.com,password
user299@example.com,password
user300@example.com,password
user301@example.com,password
user302@example.com,password
user303@example.com,password
user304@example.com,password
user305@example.com,password
user306@example.com,password
user307@example.com,password
user308@example.com,password
user309@example.com,password
user310@example.com,password
user311@example.com,password
user312@example.com,password
user313@example.com,password
user314@example.com,password
user315@example.com,password
user316@example.com,password
user317@example.com,password
user318@example.com,password
user319@example.com,password
user320@example.com,password
user321@example.com,password
user322@example.com,password
user323@example.com,password
user324@example.com,password
user325@example.com,password
user326@example.com,password
user327@example.com,password
user328@example.com,password
user329@example.com,password
user330@example.com,password
user331@example.com,password
user332@example.com,password
user333@example.com,password
user334@example.com,password
user335@example.com,password
user336@example.com,password
user337@example.com,password
user338@example.com,password
user339@example.com,password
user340@example.com,password
user341@example.com,password
user342@example.com,password
user343@example.com,password
user344@example.com,password
user345@example.com,password
user346@example.com,password
user347@example.com,password
user348@example.com,password
user349@example.com,password
user350@example.com,password
user351@example.com,password
user352@example.com,password
user353@example.com,password
user354@example.com,password
user355@example.com,password
user356@example.com,password
user357@example.com,password
user358@example.com,password
user359@example.com,password
user360@example.com,password
user361@example.com,password
user362@example.com,password
user363@example.com,password
user364@example.com,password
user365@example.com,password
user366@example.com,password
user367@example.com,password
user368@example.com,password
user369@example.com,password
user370@example.com,password
user371@example.com,password
user372@example.com,password
user373@example.com,password
user374@example.com,password
user375@example.com,password
user376@example.com,password
user377@example.com,password
user378@example.com,password
user379@example.com,password
user380@example.com,password
user381@example.com,password
user382@example.com,password
user383@example.com,password
user384@example.com,password
user385@example.com,password
user386@example.com,password
user387@example.com,password
user388@example.com,password
user389@example.com,password
user390@example.com,password
user391@example.com,password
user392@example.com,password
user393@example.com,password
user394@example.com,password
user395@example.com,password
user396@example.com,password
user397@example.com,password
user398@example.com,password
user399@example.com,password
user400@example.com,password
user401@example.com,password
user402@example.com,password
user403@example.com,password
user404@example.com,password
user405@example.com,password
user406@example.com,password
user407@example.com,password
user408@example.com,password
user409@example.com,password
user410@example.com,password
user411@example.com,password
user412@example.com,password
user413@example.com,password
user414@example.com,password
user415@example.com,password
user416@example.com,password
user417@example.com,password
user418@example.com,password
user419@example.com,password
user420@example.com,password
user421@example.com,password
user422@example.com,password
user423@example.com,password
user424@example.com,password
user425@example.com,password
user426@example.com,password
user427@example.com,password
user428@example.com,password
user429@example.com,password
user430@example.com,password
user431@example.com,password
user432@example.com,password
user433@example.com,password
user434@example.com,password
user435@example.com,password
user436@example.com,password
user437@example.com,password
user438@example.com,password
user439@example.com,password
user440@example.com,password
user441@example.com,password
user442@example.com,password
user443@example.com,password
user444@example.com,password
user445@example.com,password
user446@example.com,password
user447@example.com,password
user448@example.com,password
user449@example.com,password
user450@example.com,password
user451@example.com,password
user452@example.com,password
user453@example.com,password
user454@example.com,password
user455@example.com,password
user456@example.com,password
user457@example.com,password
user458@example.com,password
user459@example.com,password
user460@example.com,password
user461@example.com,password
user462@example.com,password
user463@example.com,password
user464@example.com,password
user465@example.com,password
user466@example.com,password
user467@example.com,password
user468@example.com,password
user469@example.com,password
user470@example.com,password
user471@example.com,password
user472@example.com,password
user473@example.com,password
user474@example.com,password
user475@example.com,password
user476@example.com,password
user477@example.com,password
user478@example.com,password
user479@example.com,password
user480@example.com,password
user481@example.com,password
user482@example.com,password
user483@example.com,password
user484@example.com,password
user485@example.com,password
user486@example.com,password
user487@example.com,password
user488@example.com,password
user489@example.com,password
user490@example.com,password
user491@example.com,password
user492@example.com,password
user493@example.com,password
user494@example.com,password
user495@example.com,password
user496@example.com,password
user497@example.com,password
user498@example.com,password
user499@example.com,password
user500@example.com,password
